--
-- PostgreSQL database dump
--

-- Dumped from database version 14.4
-- Dumped by pg_dump version 14.4

-- Started on 2022-12-11 04:37:15

SET statement_timeout = 0;
SET lock_timeout = 0;
SET idle_in_transaction_session_timeout = 0;
SET client_encoding = 'UTF8';
SET standard_conforming_strings = on;
SELECT pg_catalog.set_config('search_path', '', false);
SET check_function_bodies = false;
SET xmloption = content;
SET client_min_messages = warning;
SET row_security = off;

SET default_tablespace = '';

SET default_table_access_method = heap;

--
-- TOC entry 210 (class 1259 OID 16532)
-- Name: category; Type: TABLE; Schema: public; Owner: postgres
--

CREATE TABLE public.category (
    id integer NOT NULL,
    name character varying(255)
);


ALTER TABLE public.category OWNER TO postgres;

--
-- TOC entry 209 (class 1259 OID 16531)
-- Name: category_id_seq; Type: SEQUENCE; Schema: public; Owner: postgres
--

ALTER TABLE public.category ALTER COLUMN id ADD GENERATED BY DEFAULT AS IDENTITY (
    SEQUENCE NAME public.category_id_seq
    START WITH 1
    INCREMENT BY 1
    NO MINVALUE
    NO MAXVALUE
    CACHE 1
);


--
-- TOC entry 212 (class 1259 OID 16538)
-- Name: image; Type: TABLE; Schema: public; Owner: postgres
--

CREATE TABLE public.image (
    id integer NOT NULL,
    file_name character varying(255),
    product_id integer NOT NULL
);


ALTER TABLE public.image OWNER TO postgres;

--
-- TOC entry 211 (class 1259 OID 16537)
-- Name: image_id_seq; Type: SEQUENCE; Schema: public; Owner: postgres
--

ALTER TABLE public.image ALTER COLUMN id ADD GENERATED BY DEFAULT AS IDENTITY (
    SEQUENCE NAME public.image_id_seq
    START WITH 1
    INCREMENT BY 1
    NO MINVALUE
    NO MAXVALUE
    CACHE 1
);


--
-- TOC entry 214 (class 1259 OID 16544)
-- Name: orders; Type: TABLE; Schema: public; Owner: postgres
--

CREATE TABLE public.orders (
    id integer NOT NULL,
    count integer NOT NULL,
    date_time timestamp without time zone,
    number character varying(255),
    price real NOT NULL,
    status integer,
    person_id integer NOT NULL,
    product_id integer NOT NULL
);


ALTER TABLE public.orders OWNER TO postgres;

--
-- TOC entry 213 (class 1259 OID 16543)
-- Name: orders_id_seq; Type: SEQUENCE; Schema: public; Owner: postgres
--

ALTER TABLE public.orders ALTER COLUMN id ADD GENERATED BY DEFAULT AS IDENTITY (
    SEQUENCE NAME public.orders_id_seq
    START WITH 1
    INCREMENT BY 1
    NO MINVALUE
    NO MAXVALUE
    CACHE 1
);


--
-- TOC entry 216 (class 1259 OID 16550)
-- Name: person; Type: TABLE; Schema: public; Owner: postgres
--

CREATE TABLE public.person (
    id integer NOT NULL,
    login character varying(100),
    password character varying(255),
    role character varying(255)
);


ALTER TABLE public.person OWNER TO postgres;

--
-- TOC entry 215 (class 1259 OID 16549)
-- Name: person_id_seq; Type: SEQUENCE; Schema: public; Owner: postgres
--

ALTER TABLE public.person ALTER COLUMN id ADD GENERATED BY DEFAULT AS IDENTITY (
    SEQUENCE NAME public.person_id_seq
    START WITH 1
    INCREMENT BY 1
    NO MINVALUE
    NO MAXVALUE
    CACHE 1
);


--
-- TOC entry 218 (class 1259 OID 16558)
-- Name: product; Type: TABLE; Schema: public; Owner: postgres
--

CREATE TABLE public.product (
    id integer NOT NULL,
    date_time timestamp without time zone,
    description text NOT NULL,
    price real NOT NULL,
    seller text NOT NULL,
    title text NOT NULL,
    warehouse character varying(255) NOT NULL,
    category_id integer NOT NULL,
    CONSTRAINT product_price_check CHECK ((price >= (1)::double precision))
);


ALTER TABLE public.product OWNER TO postgres;

--
-- TOC entry 220 (class 1259 OID 16567)
-- Name: product_cart; Type: TABLE; Schema: public; Owner: postgres
--

CREATE TABLE public.product_cart (
    id integer NOT NULL,
    person_id integer,
    product_id integer
);


ALTER TABLE public.product_cart OWNER TO postgres;

--
-- TOC entry 219 (class 1259 OID 16566)
-- Name: product_cart_id_seq; Type: SEQUENCE; Schema: public; Owner: postgres
--

ALTER TABLE public.product_cart ALTER COLUMN id ADD GENERATED BY DEFAULT AS IDENTITY (
    SEQUENCE NAME public.product_cart_id_seq
    START WITH 1
    INCREMENT BY 1
    NO MINVALUE
    NO MAXVALUE
    CACHE 1
);


--
-- TOC entry 217 (class 1259 OID 16557)
-- Name: product_id_seq; Type: SEQUENCE; Schema: public; Owner: postgres
--

ALTER TABLE public.product ALTER COLUMN id ADD GENERATED BY DEFAULT AS IDENTITY (
    SEQUENCE NAME public.product_id_seq
    START WITH 1
    INCREMENT BY 1
    NO MINVALUE
    NO MAXVALUE
    CACHE 1
);


--
-- TOC entry 3350 (class 0 OID 16532)
-- Dependencies: 210
-- Data for Name: category; Type: TABLE DATA; Schema: public; Owner: postgres
--

INSERT INTO public.category (id, name) VALUES (1, 'Игрушки и игры');
INSERT INTO public.category (id, name) VALUES (2, 'Детское творчество');
INSERT INTO public.category (id, name) VALUES (3, 'Детский транспорт');


--
-- TOC entry 3352 (class 0 OID 16538)
-- Dependencies: 212
-- Data for Name: image; Type: TABLE DATA; Schema: public; Owner: postgres
--

INSERT INTO public.image (id, file_name, product_id) VALUES (66, '36eac8f1-4882-4117-830f-ef6d69134acf.1.jpg', 16);
INSERT INTO public.image (id, file_name, product_id) VALUES (67, 'b2bc7024-4ed9-41db-b1af-dbf98ad91208.2.jpg', 16);
INSERT INTO public.image (id, file_name, product_id) VALUES (68, '314c45ff-47dc-4b4a-bf82-7f7a66ccf0e4.3.jpg', 16);
INSERT INTO public.image (id, file_name, product_id) VALUES (69, '13b36ec7-10b5-4a1e-8cda-9733a1f5df66.4.jpg', 16);
INSERT INTO public.image (id, file_name, product_id) VALUES (70, 'f580f29e-1c42-4fa0-885a-758c24ff1937.5.jpg', 16);
INSERT INTO public.image (id, file_name, product_id) VALUES (71, 'b2fb41c7-c4b5-4195-9160-2560f8e8981d.1.jpg', 17);
INSERT INTO public.image (id, file_name, product_id) VALUES (72, '8d65e36a-14b2-4c5c-a1b8-db2b5c0778af.2.jpg', 17);
INSERT INTO public.image (id, file_name, product_id) VALUES (73, '22bf60bc-1050-41c8-8a3f-ae51ec1f2b0c.3.jpg', 17);
INSERT INTO public.image (id, file_name, product_id) VALUES (74, '1696e698-e06c-4578-9368-6061c7f2b563.4.jpg', 17);
INSERT INTO public.image (id, file_name, product_id) VALUES (75, '46b2209b-0fd8-4563-b64a-d5bfad36ab44.5.jpg', 17);
INSERT INTO public.image (id, file_name, product_id) VALUES (76, '557ff3e5-eff2-4bc1-96d4-eef224a2168d.1.jpg', 18);
INSERT INTO public.image (id, file_name, product_id) VALUES (77, 'b435fbb8-6972-4c5b-8117-05cd3056232c.2.jpg', 18);
INSERT INTO public.image (id, file_name, product_id) VALUES (78, 'da8280e6-12ba-4ef1-937c-c1cc7d7703ec.3.jpg', 18);
INSERT INTO public.image (id, file_name, product_id) VALUES (79, '9a1d2296-74fd-4c17-9e77-8ac448904b67.4.jpg', 18);
INSERT INTO public.image (id, file_name, product_id) VALUES (80, '946ca9f5-5411-4198-902b-74bd75e2f18d.5.jpg', 18);
INSERT INTO public.image (id, file_name, product_id) VALUES (81, 'cbf38b81-8fad-4786-aa4f-f133f5f22cd7.1.jpg', 19);
INSERT INTO public.image (id, file_name, product_id) VALUES (82, '5250c193-c754-406b-93ba-14a64a34cb5b.2.jpg', 19);
INSERT INTO public.image (id, file_name, product_id) VALUES (83, 'a1c8b79e-2db9-4580-9101-2b91f0dc01c1.3.jpg', 19);
INSERT INTO public.image (id, file_name, product_id) VALUES (84, '901ddd9e-e226-4a53-81d3-a156a8a62ef6.4.jpg', 19);
INSERT INTO public.image (id, file_name, product_id) VALUES (85, '06516240-0f79-4090-8340-02906397ab71.5.jpg', 19);
INSERT INTO public.image (id, file_name, product_id) VALUES (86, '5a17c263-66e5-44bd-88b7-146e2f9e7a13.1.jpg', 20);
INSERT INTO public.image (id, file_name, product_id) VALUES (87, '31d3449a-39c9-4d49-b750-59c1d3b89d30.2.jpg', 20);
INSERT INTO public.image (id, file_name, product_id) VALUES (88, 'ee7d316d-f888-4f4f-a449-4e284d0cf8e5.3.jpg', 20);
INSERT INTO public.image (id, file_name, product_id) VALUES (89, '3e7a8d28-dc9e-4a16-822b-f688f32bfb5c.4.jpg', 20);
INSERT INTO public.image (id, file_name, product_id) VALUES (90, 'aa8984ff-0088-4148-b6c8-f30dd77af5c2.5.jpg', 20);
INSERT INTO public.image (id, file_name, product_id) VALUES (91, 'bb08ba19-2d43-4e97-a919-1b15ee8bcca6.1.jpg', 21);
INSERT INTO public.image (id, file_name, product_id) VALUES (92, 'b40ce04d-bf4f-40a6-a043-f2708cb5b39e.2.jpg', 21);
INSERT INTO public.image (id, file_name, product_id) VALUES (93, '83986a7b-f409-48fe-9c32-5427cf50a5bd.3.jpg', 21);
INSERT INTO public.image (id, file_name, product_id) VALUES (94, '8028b347-9b2f-4090-837b-bfcb94ceedc1.4.jpg', 21);
INSERT INTO public.image (id, file_name, product_id) VALUES (95, 'd8251294-7135-48c4-aa41-732251987780.5.jpg', 21);
INSERT INTO public.image (id, file_name, product_id) VALUES (96, 'c977baf3-1b7e-406c-878c-bb49102f634d.1.jpg', 22);
INSERT INTO public.image (id, file_name, product_id) VALUES (97, '74279707-fd41-44a6-9f84-53df35516cba.2.jpg', 22);
INSERT INTO public.image (id, file_name, product_id) VALUES (98, '3879e478-3aae-4351-81e2-2548849d7082.3.jpg', 22);
INSERT INTO public.image (id, file_name, product_id) VALUES (99, '99caac51-067f-48aa-ac8e-161b06d16f8f.4.jpg', 22);
INSERT INTO public.image (id, file_name, product_id) VALUES (100, '27165856-f308-4afa-ae86-0daa87919826.5.jpg', 22);
INSERT INTO public.image (id, file_name, product_id) VALUES (101, 'ea02b353-bf33-412d-a9df-53edbbab9507.1.jpg', 23);
INSERT INTO public.image (id, file_name, product_id) VALUES (102, '9f34fa9d-a26b-44eb-a108-450ef8e70ed5.2.jpg', 23);
INSERT INTO public.image (id, file_name, product_id) VALUES (103, '3af25ffe-6ac2-4005-ae22-fe0d5989aa1e.3.jpg', 23);
INSERT INTO public.image (id, file_name, product_id) VALUES (104, '7cfd2178-b6d9-4c5a-b21a-9330dcc015ab.4.jpg', 23);
INSERT INTO public.image (id, file_name, product_id) VALUES (105, '223ac0b5-94d1-49d2-bbfe-f0c1004e32d5.5.jpg', 23);
INSERT INTO public.image (id, file_name, product_id) VALUES (106, '246d0bf1-5754-4630-bbbe-9a09f0b7ad38.1.jpg', 24);
INSERT INTO public.image (id, file_name, product_id) VALUES (107, '0c3cc7a7-c76b-4695-a026-c56133e498e7.2.jpg', 24);
INSERT INTO public.image (id, file_name, product_id) VALUES (108, 'e19573a2-59db-4647-9537-cde2cf6f4def.3.jpg', 24);
INSERT INTO public.image (id, file_name, product_id) VALUES (109, 'a9383245-86e2-49ca-93d5-89ad2ef2913d.4.jpg', 24);
INSERT INTO public.image (id, file_name, product_id) VALUES (110, 'f9d102bf-9b66-467a-9618-3127e0a43d67.5.jpg', 24);


--
-- TOC entry 3354 (class 0 OID 16544)
-- Dependencies: 214
-- Data for Name: orders; Type: TABLE DATA; Schema: public; Owner: postgres
--

INSERT INTO public.orders (id, count, date_time, number, price, status, person_id, product_id) VALUES (11, 1, '2022-12-07 11:26:06.744964', '8d97b519-b0b1-4388-81e2-8e3404431773', 944, 5, 2, 16);
INSERT INTO public.orders (id, count, date_time, number, price, status, person_id, product_id) VALUES (12, 1, '2022-12-09 22:08:09.864698', 'b577369c-caaf-4037-877a-30b89576208e', 2880, 5, 4, 22);
INSERT INTO public.orders (id, count, date_time, number, price, status, person_id, product_id) VALUES (13, 1, '2022-12-10 10:26:53.35851', 'e64ef5c1-b9fe-4a1d-8a5f-589c60a3573e', 1500, 5, 6, 18);
INSERT INTO public.orders (id, count, date_time, number, price, status, person_id, product_id) VALUES (14, 1, '2022-12-10 10:26:53.391489', 'e64ef5c1-b9fe-4a1d-8a5f-589c60a3573e', 2373, 5, 6, 19);
INSERT INTO public.orders (id, count, date_time, number, price, status, person_id, product_id) VALUES (18, 1, '2022-12-10 10:37:49.588586', '0d431db2-23bc-4a11-9129-1115abdd594a', 2880, 5, 2, 22);
INSERT INTO public.orders (id, count, date_time, number, price, status, person_id, product_id) VALUES (20, 1, '2022-12-10 10:38:12.579305', '45203479-bee6-4bc4-9f97-607aa8bea564', 5967, 5, 2, 23);


--
-- TOC entry 3356 (class 0 OID 16550)
-- Dependencies: 216
-- Data for Name: person; Type: TABLE DATA; Schema: public; Owner: postgres
--

INSERT INTO public.person (id, login, password, role) VALUES (2, 'user_test', '$2a$10$dL6bxR.2kzdJhuhBfXaHeuh5hl8jiyPtz471YG3ak/.6fQHHdW7x2', 'ROLE_USER');
INSERT INTO public.person (id, login, password, role) VALUES (3, 'user1', '$2a$10$ZPtVKa.nJVOUz3BxUez.1eRp27fzkIrj797mwycpHbkYL3cI/d17e', 'ROLE_USER');
INSERT INTO public.person (id, login, password, role) VALUES (4, 'useruser', '$2a$10$YfBBw81Vd2JcGGtqPB7P2OCKjgmhTFdYObNWsE4zX7EEgA5hI.dGO', 'ROLE_USER');
INSERT INTO public.person (id, login, password, role) VALUES (5, 'useruser1', '$2a$10$Pw8jY3frEzGWMb6p5NCiNOe5dAjttJIflZmzoNRglhqsP54x.4/VC', 'ROLE_USER');
INSERT INTO public.person (id, login, password, role) VALUES (6, 'prost', '$2a$10$WSvVBuN8wAGM4V/A7y.2VeVrCzRFRos9471vr4O.EqZ1zpaW5wXru', 'ROLE_USER');
INSERT INTO public.person (id, login, password, role) VALUES (10, 'admin', '$2a$10$yIL.1KDGm53RgyfkFcbEnOOGDbfWk1QDFnGbSusC7ULutTSGdvJ9G', 'ROLE_ADMIN');


--
-- TOC entry 3358 (class 0 OID 16558)
-- Dependencies: 218
-- Data for Name: product; Type: TABLE DATA; Schema: public; Owner: postgres
--

INSERT INTO public.product (id, date_time, description, price, seller, title, warehouse, category_id) VALUES (19, '2022-12-06 01:38:34.227508', 'Магнитный конструктор для мальчиков и для девочек является отличной игрушкой, отвлекающей детей от гаджетов. Такие магнитные конструкторы развивают мелкую моторику и логическое мышление. Эти развивающие игрушки для детей подарят ребенку безграничный полет фантазии и конструкторского воображения, разовьют мыслительные и творческие навыки. Из этого набора можно строить магнитные замки, робота в рамках робототехники, различные лабиринты, трамплины, и любые самые замысловатые конструкции которые Вы можете представить. Такой магнитный конструктор подходит для мальчиков и девочек 2 лет, 3 лет, 4 лет, 5 лет, 6 лет, 7 лет, 8 лет, 9 лет, 10 лет и даже мальчикам и девочкам 20-60 лет тоже будет интересно! ', 2373, 'Pelican Happy Toys', 'Магнитный конструктор для мальчиков девочек светящийся', 'Коледино', 1);
INSERT INTO public.product (id, date_time, description, price, seller, title, warehouse, category_id) VALUES (20, '2022-12-06 01:40:15.591196', 'Машинка отлично подойдет для игр дома и на улице. Теперь катание малыша станет неповторимым увлекательным путешествием!
•	Ходунки. Для самых маленьких, которые только учатся ходить, машинка — незаменимое средство-помощник. Ребенок учится ходить и толкает машинку перед собой.
•	Каталка. Когда малыш подрастет, он садится на машину и едет самостоятельно, отталкиваясь ножками.
•	Максимальная нагрузка- 23 кг;
', 3499, 'VipToys', 'Машинка каталка детская Range Rover VIP Toys толокар', 'Коледино', 3);
INSERT INTO public.product (id, date_time, description, price, seller, title, warehouse, category_id) VALUES (22, '2022-12-06 01:43:32.693615', 'Бизиборд домик — это настоящая находка для родителей, бабушек и дедушек! Освободите время на любимые занятия, пока ребенок будет с удовольствием познавать мир. Бизиборд домик содержит 30 интерактивных деталей, созданных для развития памяти, логики, мышления, мелкой моторики рук и просто для прекрасного настроения малыша.  На крыше домика располагаются счёты в виде различных фигур, которые можно перемещать и доска для рисования мелками.  Наш бизиборд домик производится в России и полностью безопасен для ребёнка. ', 2880, 'BusyPlay', 'Бизиборд Бизидом Домик 25х35х25 см', 'Коледино', 1);
INSERT INTO public.product (id, date_time, description, price, seller, title, warehouse, category_id) VALUES (17, NULL, 'Многоразовая развивающая рабочая тетрадь для детей. Набор книжек, 4 штуки, пиши и стирай, маркер в каждой книжке плюс в подарок. В нашем магазине HI BY SHOP, вы найдёте этот учебно-методический набор, который состоит из 4 книжек: Цифры, буквы, слова, задания. Этот набор направлен на всестороннее развитие малыша. Развивающая книжка для малыша - это отличный подарок для ребёнка от трёх лет, для мальчика, для девочки. Подарок на Новый год, на 8 марта, день рождения.В игровой форме ребенок познает математику, окружающий мир, развивает творческие навыки. Рабочая тетрадь пиши стирай с маркером подойдет как первое пособие для детей от 3 лет. Книга для детей направлена на развитие речи, концентрации внимания, развивает моторику и логическое мышление. Тетрадь для обучения грамоте детей дошкольного возраста, развитие речи у дошкольников, всё это является важным в формировании навыков в период становления ребенка. В комплексные занятия от рождения до школы необходимо включить контактные игрушки, тетрадь с заданиями для развития детей, тетрадь для рисования с различными фигурами, такими как шар, треугольник, квадрат, эллипс, ромб и др., цветовые тетрадки читаю пишем, конструктор, пазлы, настольная игра, математическая тетрадь, а так же для прописей, различные детские обучающие раскраски.Развивашка для детей пиши-стирай прослужит вам очень долго, пособие с увлекательными заданиями можно использовать в детском развивающем центре. Универсальность нашей тетрадки что ее можно использовать как дома, так и в дороге. Тетрадь с заданиями для ребенка имеет аккуратный и безопасный материал, за счет которого малыш не сможет пораниться. Игра для детей имеет яркую печать с элементами, которые будут способствовать концентрации ребенка. На страницах развивающей книги можно рисовать маркером на водной основе, он легко стирается, поэтому писать и стирать в тетради можно столько, сколько захочется. Маркер в комплекте к каждой тетрадке, плюс ещё 4 в подарок. Также не забывайте про необходимость читать сказки, для формирования воображения. Первые волшебные прописи для малышей дошкольников, для дома и детского сада, наверное, самые необходимые, так как именно с них начинается межполушарное развитие, развитие речи, умственное воспитание ребенка.Ключевые запросы: Развивающие книги для детей, Книги развивающие для детей.Наши развивающие книжки, а также различные игрушки для детей стимулируют рост творческих составляющих ребенка, особенно это касается таких детских игрушек, как игрушки развивашки для малышей, жамкалки, хваталки, мялки, конструкторы, пазлы, настольные наборы пиши стирай и доски рисуй стирай, по методике монтессори, книги, книжки для развития, машинки и простые мягкие плюшевые игрушки, чаепитие и другие ролевые игры. Рассмотреть наш продукт стоит беременным, кормящим мамам, бабушкам и тётям для ваших любимых внуков и внучек. Спасибо за внимание и приятных покупок! ', 576, 'WB', 'Развивающие книги, пиши и стирай, 4 шт', 'Комсомольский (Москва)', 2);
INSERT INTO public.product (id, date_time, description, price, seller, title, warehouse, category_id) VALUES (18, NULL, 'Уникальный чудо набор для рисования и рукоделия, в котором собрано 220 различных предметов станет незаменимой и полезной вещью для каждого юного художника. В наборе канцелярии есть все самые необходимые предметы для развития творческих способностей и воплощения творческих идей ребенка. Подарочный набор для творчества выполнен в виде компактного деревянного чемоданчика, который не занимает много места и его удобно хранить в любом месте, брать с собой в школу, детский сад, в поездку, на дачу, в путешествие и на прогулку. С удобным и легким переносным кейсом можно экспериментировать и творить в любом месте. В наборе художника предусмотрено всё необходимое, чтобы начать свой творческий путь как взрослому, так и ребенку. Практичный набор для рисования в чемоданчике станет желанным подарком подростку, выпускнику детского сада, школьнику, первоклашке и для всех кто увлекается творчеством. Подарочный набор для девочек и мальчиков всех возрастов на день рождения, Новый год, 1 сентября, 8 марта, 23 февраля и другие праздники, вызовет неподдельный восторг, подарит вашему ребенку радость и море положительных эмоций. В наборе игрушек также вы найдете всю необходимую канцелярию для школы и детского сада, вам больше не нужно будет докупать по отдельности школьные принадлежности, собирать наборы первокласника для мальчиков и девочек. Большой детский набор для рисования состоит из широкой разнообразной цветовой палитры популярных удобных восковых карандашей и восковых мелков для рисования насыщенных цветов, которые не нужно точить, они не ломаются при падении, мини маркеров, ярких акварельных красок, качественный набор карандашей цветных и набор разноцветных качественных фломастеров, а также небольшой запас бумаги для рисования формата А4 и необходимый комплект канцелярских принадлежностей, которые помогут создать оригинальные рисунки и подделки. Для удобного использования чемодан для рисования раскладывается как книга, где с каждой стороны располагаются предметы, имеется удобная ручка для транспортировки набора. Кейс для хобби и творчества состоит из эргономичных ячеек и отсеков для хранения канцтоваров, из которых их легко доставать и класть обратно, каждый предмет имеет место и компактно сложен в свою ячейку, а сборка чемоданчика превращается в интересную, увлекательную игру, легко приучает ребенка к чистоте и порядку, поможет научиться складывать все на свои места. Благодаря двум надежным и крепким защелкам чемоданчик юного художника не раскроется без необходимости и больше не нужно будет искать нужный карандаш по всему дому. Размеры чемодана творчества 48*30 сантиметров. Комплектация и наполнение канцелярского набора: 40 цветных восковых карандашей, 40 цветных восковых мелков, 20 мини маркеров, 1 простой карандаш, 20 цветных карандашей, 12 цветов акварельных красок, 36 цветных фломастеров, 10 листов бумаги для рисования а4, 1 кисть для краски, 1 палитра для смешивания красок, 1 точилка, 1 линейка, 1 ластик, 1 клей и 35 разноцветных скрепок. Материалы, из которых изготовлен художественный набор для рисования, качественные и полностью безопасны для ребенка, а износостойкий деревянный практичный кейс гарантирует высокую прочность и длительный срок службы при постоянном использовании в отличии от пластика. Широкое разнообразие принадлежностей подарит ребенку огромное удовольствие от процесса рисования, сделает досуг Вашего ребенка занимательным и ярким, а творчество с таким канцелярским набором будет очень полезно в качестве домашних занятий, превратится в увлекательные разнообразные детские игры и легко заменит другие игрушки для детей. Творческие занятия с набором художника для детей способствуют творческому развитию, позволят вашему ребенку развить чувство прекрасного, разработать мелкую моторику рук, зрительную память, абстрактное мышление, фантазию, воображение и креативность, внимательность, усидчивость и аккуратность. Рисование положительно влияет на психику малыша, делает детей устойчивыми к стрессам и помогает лучше учится в школе. Планшет для рисования, акриловые краски, развивающие игры, письменные принадлежности, подарок для парня, новогодние подарки для детей, подарок маме на др, рисование и лепка, новогодний подарок для детей, акриловая краска, краски акриловые, акриловые краски набор, развивашки, развивающие игры для детей, подарок девушке на день рождения, новогодние подарки детям, эбру, развивашки для детей, опыты и эксперименты для детей, трафареты для рисования, рисуй светом, поделки для девочек, товары для рукоделия, подарочный набор девушке, школьникам и абитуриентам, отпечаток рук, развивающие игры для малышей, подарок без повода, подарочный набор женский, развивающая игра, эбру для рисования, детские развивашки, краски акриловые для рисования, водяная раскраска, игры для детей 7 лет, подарок девочке 7-8, подарок девочке 9 лет, игры развивающие, игры для детей 6 лет, детские новогодние подарки, набор для творчества новогодний, развивашка, детский новогодний подарок, набор для девочки 9 лет. ', 1500, 'KIDS Games ', 'Творческий чемоданчик Набор юного художника 145 предметов', 'Алексино', 2);
INSERT INTO public.product (id, date_time, description, price, seller, title, warehouse, category_id) VALUES (24, NULL, 'Супер стильный самокат для детей 1-5 лет, номер 1 по продажам детский самокат в России.

Один из самых прочных, и точно — самый легкий самокат на рынке. 

Уникальная полимерная рама — разработка российских инженеров — позволяет нести более 50 кг нагрузки, при собственном весе самоката менее 2 кг. 

Фирменная система Super CHASSIS (патент № 182761): бесшумное движение с плавностью лимузина по любому покрытию; прецизионный подшипник и поворотно-наклонный механизм обеспечивают спортивную управляемость.

!Дерзкий стильный дизайн с огромными передними колесами (120 мм). 

Для русских дорог → увеличенное заднее колесо (100 мм) легко проходит неровности асфальта.

Колеса подсвечиваются в движении.

Только качественные материалы → никаких посторонних запахов китайской пластмассы.

Бесступенчато регулируемый по высоте телескопический руль (52-66 см).

Механизм складывания с фиксацией для комфортной транспортировки и хранения. 

Фрикционный тормоз на заднем колесе исключает опрокидывание.

Светоотражающие элементы для безопасности при любом уровне освещенности.

Площадка для ног: длина 28 см, ширина 12,5 см. Рост до 120 см.

100% российский продукт: производство полного цикла, сборка и упаковка на заводе Гермес в г. Дмитров Московской области. 

Супер цена на продукт высшего качества за счет полной локализации производства, и прямой поставки с заводского конвейера без торговых посредников.

3 года гарантии без ограничения пробега.

!Дерзко задуман и сделан  в России. 
', 1669, 'Гермес', 'Самокат! Дерзкий трехколесный Стайл ', 'Коледино', 3);
INSERT INTO public.product (id, date_time, description, price, seller, title, warehouse, category_id) VALUES (21, NULL, 'Скейтборд или Пенни борд с красочным принтом и светящимися колёсами для активного отдыха детей, подростков и девушек.Дека изготовлена из жесткого прочного пластика с анти-скользящим покрытием для крепкого сцепления с обувью, что позволяет еще быстрее освоить трюки. Рекомендуется использовать защитную экипировку при езде на скейтборде! Внимание: Пенниборд упаковываем в гофрированную коробку. Подвеска состоит из двух элементов, изготовленных из алюминиевого сплава, её можно сделать жестче и мягче, затягивая или ослабляя гайку. Полиуретановые колеса имеют диаметр 59 мм, жёсткость 78А, подшипники АВЕС7 обеспечивают хорошее сцепление с поверхностью, быстрый разгон и торможение, что гарантирует качественный накат, который создан специально для круизинга. Принт на деке нанесен по самым новым технологиям 21 века, что позволяет быть износоустойчивым. Компактность, лёгкость и мобильность изделия позволяет без проблем прикрепить его к рюкзаку или переносить в стандартном чехле. Нагрузка до 85 кг при соблюдении рекомендаций по использованию в специально отведенных местах для катания на скейтбордах. Внимание! После приобретения скейтборда, Вы его должны под себя и свой вес настроить. После катания Вы должны для себя решить, удобно Вам ездить или нет. Если Вы поняли что скейтборд не совсем плавный для Вас , Вам нужно расслабить подвеску, которая находится с оборотной стороны. Вам необходимо расслабить гайки или наоборот затянуть. Такая же ситуация по колёсам, если Вы понимаете что колеса туго едут, Вам необходимо расслабить гайки на колёсах, или наоборот затянуть.', 1654, 'ИП Булыгина Елена Олеговна', 'Скейтборд со светящимися колесами', 'Коледино', 3);
INSERT INTO public.product (id, date_time, description, price, seller, title, warehouse, category_id) VALUES (23, NULL, '"Железная дорога: джунгли" - это красочный набор для сюжетных игр. Большое количество декораций и фигурок позволяет собрать действующий комплекс с транспортной развязкой. Дорожное полотно можно укладывать на уровень выше основного положения рельсов, чтобы организовать многоуровневые съезды и мосты. Детали дорожного полотна выполнены из дерева, что гарантирует их долговечность.  В комплект входит 107 элементов. Машина с прицепом работает от батареек. 3 фигурки людей. 2 фигурки животных. Трёхвагонный поезд без двигателя. ', 5967, 'ЭДДИ Шоп', 'Деревянная железная дорога "Джунгли"', 'Казань WB', 1);
INSERT INTO public.product (id, date_time, description, price, seller, title, warehouse, category_id) VALUES (16, NULL, 'Благодаря расширенному набору принадлежностей, он идеально подойдет для творчества различных идей. Все принадлежности расположены в одном кейсе. Это не только увлекательное и веселое времяпровождение, но и весьма полезное занятие для развития. Мультинабор для творчества активизирует познавательную деятельность и воплотит в жизнь творческие идеи. Поделки позитивно скажутся на развитие воображения, фантазии, сообразительности, абстрактном мышлении, координации движений, творческих навыков.В нашем наборе есть все необходимое для занятие любимым делом.

В комплекте:

• 10 кусочков цветного фетра

• 1 упаковка плюшевых палочек (разных цветов)

• 1 упаковка перьев (разных цветов)

• 10 листов оригами (разных цветов)

• 1 упаковка помпонов с блестками

• 1 упаковка простых помпонов (разных размеров)

• 1 упаковка комбинированных пуговиц (разных цветов)

• 1 упаковка глаз (разного размера)

• 50 палочек для мороженого

• цветы,цифры,формы (из пенопласта)

• Наклейка с хрустальными бриллиантами-стразами

• 1 пара ножниц •

1 упаковка блесток смешанной формы.
', 944, 'Modern house', 'Набор для творчества и рукоделия', 'Коледино', 2);


--
-- TOC entry 3360 (class 0 OID 16567)
-- Dependencies: 220
-- Data for Name: product_cart; Type: TABLE DATA; Schema: public; Owner: postgres
--

INSERT INTO public.product_cart (id, person_id, product_id) VALUES (41, 2, 19);
INSERT INTO public.product_cart (id, person_id, product_id) VALUES (42, 2, 18);
INSERT INTO public.product_cart (id, person_id, product_id) VALUES (44, 2, 23);


--
-- TOC entry 3366 (class 0 OID 0)
-- Dependencies: 209
-- Name: category_id_seq; Type: SEQUENCE SET; Schema: public; Owner: postgres
--

SELECT pg_catalog.setval('public.category_id_seq', 4, true);


--
-- TOC entry 3367 (class 0 OID 0)
-- Dependencies: 211
-- Name: image_id_seq; Type: SEQUENCE SET; Schema: public; Owner: postgres
--

SELECT pg_catalog.setval('public.image_id_seq', 110, true);


--
-- TOC entry 3368 (class 0 OID 0)
-- Dependencies: 213
-- Name: orders_id_seq; Type: SEQUENCE SET; Schema: public; Owner: postgres
--

SELECT pg_catalog.setval('public.orders_id_seq', 21, true);


--
-- TOC entry 3369 (class 0 OID 0)
-- Dependencies: 215
-- Name: person_id_seq; Type: SEQUENCE SET; Schema: public; Owner: postgres
--

SELECT pg_catalog.setval('public.person_id_seq', 10, true);


--
-- TOC entry 3370 (class 0 OID 0)
-- Dependencies: 219
-- Name: product_cart_id_seq; Type: SEQUENCE SET; Schema: public; Owner: postgres
--

SELECT pg_catalog.setval('public.product_cart_id_seq', 44, true);


--
-- TOC entry 3371 (class 0 OID 0)
-- Dependencies: 217
-- Name: product_id_seq; Type: SEQUENCE SET; Schema: public; Owner: postgres
--

SELECT pg_catalog.setval('public.product_id_seq', 24, true);


--
-- TOC entry 3191 (class 2606 OID 16536)
-- Name: category category_pkey; Type: CONSTRAINT; Schema: public; Owner: postgres
--

ALTER TABLE ONLY public.category
    ADD CONSTRAINT category_pkey PRIMARY KEY (id);


--
-- TOC entry 3193 (class 2606 OID 16542)
-- Name: image image_pkey; Type: CONSTRAINT; Schema: public; Owner: postgres
--

ALTER TABLE ONLY public.image
    ADD CONSTRAINT image_pkey PRIMARY KEY (id);


--
-- TOC entry 3195 (class 2606 OID 16548)
-- Name: orders orders_pkey; Type: CONSTRAINT; Schema: public; Owner: postgres
--

ALTER TABLE ONLY public.orders
    ADD CONSTRAINT orders_pkey PRIMARY KEY (id);


--
-- TOC entry 3197 (class 2606 OID 16556)
-- Name: person person_pkey; Type: CONSTRAINT; Schema: public; Owner: postgres
--

ALTER TABLE ONLY public.person
    ADD CONSTRAINT person_pkey PRIMARY KEY (id);


--
-- TOC entry 3203 (class 2606 OID 16571)
-- Name: product_cart product_cart_pkey; Type: CONSTRAINT; Schema: public; Owner: postgres
--

ALTER TABLE ONLY public.product_cart
    ADD CONSTRAINT product_cart_pkey PRIMARY KEY (id);


--
-- TOC entry 3199 (class 2606 OID 16565)
-- Name: product product_pkey; Type: CONSTRAINT; Schema: public; Owner: postgres
--

ALTER TABLE ONLY public.product
    ADD CONSTRAINT product_pkey PRIMARY KEY (id);


--
-- TOC entry 3201 (class 2606 OID 16573)
-- Name: product uk_qka6vxqdy1dprtqnx9trdd47c; Type: CONSTRAINT; Schema: public; Owner: postgres
--

ALTER TABLE ONLY public.product
    ADD CONSTRAINT uk_qka6vxqdy1dprtqnx9trdd47c UNIQUE (title);


--
-- TOC entry 3205 (class 2606 OID 16579)
-- Name: orders fk1b0m4muwx1t377w9if3w6wwqn; Type: FK CONSTRAINT; Schema: public; Owner: postgres
--

ALTER TABLE ONLY public.orders
    ADD CONSTRAINT fk1b0m4muwx1t377w9if3w6wwqn FOREIGN KEY (person_id) REFERENCES public.person(id);


--
-- TOC entry 3207 (class 2606 OID 16589)
-- Name: product fk1mtsbur82frn64de7balymq9s; Type: FK CONSTRAINT; Schema: public; Owner: postgres
--

ALTER TABLE ONLY public.product
    ADD CONSTRAINT fk1mtsbur82frn64de7balymq9s FOREIGN KEY (category_id) REFERENCES public.category(id);


--
-- TOC entry 3206 (class 2606 OID 16584)
-- Name: orders fk787ibr3guwp6xobrpbofnv7le; Type: FK CONSTRAINT; Schema: public; Owner: postgres
--

ALTER TABLE ONLY public.orders
    ADD CONSTRAINT fk787ibr3guwp6xobrpbofnv7le FOREIGN KEY (product_id) REFERENCES public.product(id);


--
-- TOC entry 3204 (class 2606 OID 16574)
-- Name: image fkgpextbyee3uk9u6o2381m7ft1; Type: FK CONSTRAINT; Schema: public; Owner: postgres
--

ALTER TABLE ONLY public.image
    ADD CONSTRAINT fkgpextbyee3uk9u6o2381m7ft1 FOREIGN KEY (product_id) REFERENCES public.product(id);


--
-- TOC entry 3209 (class 2606 OID 16599)
-- Name: product_cart fkhpnrxdy3jhujameyod08ilvvw; Type: FK CONSTRAINT; Schema: public; Owner: postgres
--

ALTER TABLE ONLY public.product_cart
    ADD CONSTRAINT fkhpnrxdy3jhujameyod08ilvvw FOREIGN KEY (product_id) REFERENCES public.product(id);


--
-- TOC entry 3208 (class 2606 OID 16594)
-- Name: product_cart fksgnkc1ko2i1o9yr2p63ysq3rn; Type: FK CONSTRAINT; Schema: public; Owner: postgres
--

ALTER TABLE ONLY public.product_cart
    ADD CONSTRAINT fksgnkc1ko2i1o9yr2p63ysq3rn FOREIGN KEY (person_id) REFERENCES public.person(id);


-- Completed on 2022-12-11 04:37:16

--
-- PostgreSQL database dump complete
--

